# fixture	signature	slot	expected native swaps: protocol:source:pool:user:input_mint:input_atoms:output_mint:net_output_atoms
000-manifest.transaction.pb	4ke3e2PUUqNbiNLxb24ijFtEuYWdFLLH3SqgBaZ2xvEowaCueZJo8DMa5iTdKfanpDVKrRF9r9Zyx9yq1NAMmn46	454641425	23:18:EyJ71p1ZdwZcDSGrB9NsTUe91tTMS1ZtynxDiAQPKuS:ARu4n5mFdZogZAravu7CcizaojWnS6oqka37gdLT5SZn:PFER6ENqP8r8NF3CqVt4mFowxsin3V5MLidBNQFCC3x:94693:EPjFWdd5AufqSSqeM2qN1xzybapC8G4wEGGkZwyTDt1v:2624071
001-manifest.transaction.pb	3Nu8vKLUJyVx6QSBkjKAfDwvojkkWzkbjUNzDC5fUcHdTrwreAzxqCcYGaW4msu3kdeC57wv3ga3NUCVHMiURGbm	454641425	27:25:7yD7gfXv49SFxhx9uTc11dEd7Nj98rGWeYMdZJgheZbG:9Phg2BmnddrZUJdhVu8XwDjfzfXsVHdyE9wn84gfLqBE:So11111111111111111111111111111111111111112:4078366:EPjFWdd5AufqSSqeM2qN1xzybapC8G4wEGGkZwyTDt1v:444960|23:29:5oJtKpdv7Gh9yz9zXtHWz192gsZLoFxwQQYbm6Br6eTQ:9Phg2BmnddrZUJdhVu8XwDjfzfXsVHdyE9wn84gfLqBE:EPjFWdd5AufqSSqeM2qN1xzybapC8G4wEGGkZwyTDt1v:444959:Xsc9qvGR1efVDFGLrVsmkzv3qi45LTBjeUKSPmx9qEh:192588
003-manifest.transaction.pb	4WrjyLQb8sYQccpo55RBTQCn2eFX71oBQCpMWj2v4ZFVZgNxV5StbuwcF9mV2T5ozKzps2TA4LDg64onv4aFCXBG	454641425	
008-goonfi-v2.transaction.pb	4BFeVGcvEwHPMWBpkGxH6TW14AaNBqHL7PNyvtLMYzGiGKEFMUGVnrXVfTew4c9cJUctTxf2eB1FiMXXENJYiXPM	454641428	21:4:GMCJvYGf5Ex2ARiMquaBDqU6iKM8uiEQkB8jCnoNfHpC:ARu4n5mFdZogZAravu7CcizaojWnS6oqka37gdLT5SZn:EPjFWdd5AufqSSqeM2qN1xzybapC8G4wEGGkZwyTDt1v:450093564:So11111111111111111111111111111111111111112:4125731848|21:15:9yE49sMheNg9Jia9eokPiEgG7suBgD1crLJoN4tn2Y8u:ARu4n5mFdZogZAravu7CcizaojWnS6oqka37gdLT5SZn:3ZLekZYq2qkZiSpnSvabjit34tUkjSwD1JFuW9as9wBG:98304484469:EPjFWdd5AufqSSqeM2qN1xzybapC8G4wEGGkZwyTDt1v:450107431
011-goonfi-v2.transaction.pb	24wTr3iq5yC6f3uLdPeBQQxmVWa35kYAGBz52nR1WCwPHwFHWQSZA2xpMexRFix5JJ4MBCWkNJHcHw59LpMUDLTp	454641427	21:12:GMCJvYGf5Ex2ARiMquaBDqU6iKM8uiEQkB8jCnoNfHpC:FLQJ6e3ZbkSAynqvtUrhNagA4EGSLZs6NZdAqFwy5h43:EPjFWdd5AufqSSqeM2qN1xzybapC8G4wEGGkZwyTDt1v:13768000:So11111111111111111111111111111111111111112:125961799
013-goonfi-v2.transaction.pb	42HFB7ooMmWv5z2gm8wo4dnHQpdyKH9onFJ1G1L1rez8bBmHUkXRQhXS4wy3XoDQ1Mn6Kprux65GMru68nE1yvku	454641427	21:7:9yE49sMheNg9Jia9eokPiEgG7suBgD1crLJoN4tn2Y8u:Dn4EspAgfPybydvrXhBKeqHaVPiJPDrTiGW2yB5aqryM:3ZLekZYq2qkZiSpnSvabjit34tUkjSwD1JFuW9as9wBG:5644387766:EPjFWdd5AufqSSqeM2qN1xzybapC8G4wEGGkZwyTDt1v:25844855
014-goonfi-v2.transaction.pb	4vyLeEzLFe7xBhBGC5o7Xf1bMVqnJyW8euSmoDbCWbFFfpvGfdvA6Pvw1D841KBmjFo436mPerXGZj5Fi65xNo84	454641427	22:12:8FnX3xo2yYw3EUE6w3nQA4GfXGS9wpK6oj3veJpbFzLo:J3HdC72zBccqPmnai6xukvJuZ6DkN5F4P8BeG26bQUC5:EPjFWdd5AufqSSqeM2qN1xzybapC8G4wEGGkZwyTDt1v:594068:So11111111111111111111111111111111111111112:5445100|21:15:AkxuRa1soguFpVRjnDrRsXAcfTkZjRv1XyNXySzVivmC:J3HdC72zBccqPmnai6xukvJuZ6DkN5F4P8BeG26bQUC5:EPjFWdd5AufqSSqeM2qN1xzybapC8G4wEGGkZwyTDt1v:476711:JUPyiwrYJFskUPiHa7hkeR8VUtAeFoSYbKedZNsDvCN:1400373
016-deriverse.transaction.pb	Tm2H9Uus79YvSCh1fXQZFEpfm3ubQA69GzK9SjV3CngcijgTEWp4rBdDt4ZTXBjEL8rdJa1pcYxwjjbm1ZEP8Wu	454641426	23:3:3iqCGFyyef6gSwwsTpzxozx91ifC9wNaWP8msYoGjKTa:56YM95f3yAmNbVxHRfho1MAx78GBL1fTjQGwaMDYVmNm:EPjFWdd5AufqSSqeM2qN1xzybapC8G4wEGGkZwyTDt1v:65000000:JuprjznTrTSp2UFa3ZBUFgwdAmtZCq4MQCwysN55USD:65025236|23:6:7A2he8uMY9HTmnd47JwFs1CC2iKL19g6GEFmiwFYuUGC:56YM95f3yAmNbVxHRfho1MAx78GBL1fTjQGwaMDYVmNm:JuprjznTrTSp2UFa3ZBUFgwdAmtZCq4MQCwysN55USD:65025236:Es9vMFrzaCERmJfrF4H2FYD4KCoNkY11McCe8BenwNYB:65040055|32:9:H7o7KCr5n3whqcPsPkeCPWrzivKrarqzidD3kt8fijvB:56YM95f3yAmNbVxHRfho1MAx78GBL1fTjQGwaMDYVmNm:Es9vMFrzaCERmJfrF4H2FYD4KCoNkY11McCe8BenwNYB:65040055:EPjFWdd5AufqSSqeM2qN1xzybapC8G4wEGGkZwyTDt1v:65000770
018-deriverse.transaction.pb	539F5rHLntteKYd8n7LAp5L1h5EJPrURcwWTMDoqf8cc4VzVRsK4Fmz8eVGiGBsMr4m6pLwnwSDDtT6zqQ5cm9Rd	454641424	32:5:H7o7KCr5n3whqcPsPkeCPWrzivKrarqzidD3kt8fijvB:GDV7Qf1nRs6i93eX19tg4kDTSVGQjpEkAZS2jKrEoujA:Es9vMFrzaCERmJfrF4H2FYD4KCoNkY11McCe8BenwNYB:389247740:EPjFWdd5AufqSSqeM2qN1xzybapC8G4wEGGkZwyTDt1v:389012244|22:18:8FnX3xo2yYw3EUE6w3nQA4GfXGS9wpK6oj3veJpbFzLo:GDV7Qf1nRs6i93eX19tg4kDTSVGQjpEkAZS2jKrEoujA:EPjFWdd5AufqSSqeM2qN1xzybapC8G4wEGGkZwyTDt1v:354001213:So11111111111111111111111111111111111111112:3244768390
020-deriverse.transaction.pb	3LKLYtm4Es4QUaKiGrFpRNdfxdJV6sBCehUV6qPAXgTcAmVjWerRqydQJDVAETDdMh64NvfJLeMsbUdx4pCK21WD	454641423	32:3:3vzgUvXqpqdKH55R4xVcAbThoXt5xusVLojquA3s1YHh:FBi88guYAyt6zSxxtGEShCGMmFxAp88nQot1N7iFQ9v:EPjFWdd5AufqSSqeM2qN1xzybapC8G4wEGGkZwyTDt1v:15000000:cbbtcf3aa214zXHbiAZQwf4122FBYbraNdFqgw4iMij:18351|21:11:HBDaV4ndLuVe6qK1vGCXReon4B1DJKa9UrbqP8cVqywx:FBi88guYAyt6zSxxtGEShCGMmFxAp88nQot1N7iFQ9v:A7bdiYdS5GjqGFtxf17ppRHtDKPkkRqbKtR27dxvQXaS:1292384:EPjFWdd5AufqSSqeM2qN1xzybapC8G4wEGGkZwyTDt1v:15003159
021-deriverse.transaction.pb	zz1nMpjc8oKPNKsFxjauVxZ8yPQTctVRnUDBWUBPSJ9DenXF4eh6QwArhtdFb37ti59Nq7eqgoTqpj8ir78dS5K	454641422	32:25:H7o7KCr5n3whqcPsPkeCPWrzivKrarqzidD3kt8fijvB:AmLbqQs5numg3p6CUwYffAxNF2EAhLbVsZ9cAsTnfYNj:Es9vMFrzaCERmJfrF4H2FYD4KCoNkY11McCe8BenwNYB:10746329:EPjFWdd5AufqSSqeM2qN1xzybapC8G4wEGGkZwyTDt1v:10739827
023-deriverse.transaction.pb	36eeGskqtqMi74NYpPaNQ69FckaPep8YRDPjqUjzwt6TmGKytcQvpFhjVtAHwPDisRMBEZ1FXXSBe2Tdpu38MgnC	454641418	
025-alphaq.transaction.pb	5p8yp8BsYH1L78q7MVuccq1yRSGi7f9si3xoD7MWhdwTiCuM6Czb1Hv4BBXst7vxpVo9NkgwRdM7ibq44ZrnQCko	454641431	26:1:9xPhpwq6GLUkrDBNfXCbnSP9ARAMMyUQqgkrqaDW6NLV:EmFL9SjAX8QHHfzdoAYaGJ5c8hiQ34zHRLDXrCdMubsP:EPjFWdd5AufqSSqeM2qN1xzybapC8G4wEGGkZwyTDt1v:11435984:USD1ttGY1N17NEEHLmELoaybftRBUSErhqYiQzvEmuB:11444481|22:10:6b5LxeDVxqCGAhZjjjgieGP71c5GBt2cBwiafCFX6NMU:EmFL9SjAX8QHHfzdoAYaGJ5c8hiQ34zHRLDXrCdMubsP:USD1ttGY1N17NEEHLmELoaybftRBUSErhqYiQzvEmuB:11444481:So11111111111111111111111111111111111111112:104838134
031-alphaq.transaction.pb	64AWV9VjaGR7zqLh9fcBATqAVixHuUe4ghprvF9b3aNJC6mkVTWjSRJSZJ22xsMhhKNd5rfoj2LgqbwHNWDDLHDN	454641430	26:12:9xPhpwq6GLUkrDBNfXCbnSP9ARAMMyUQqgkrqaDW6NLV:CpfZxEmQPD1PTTqxeskTYkPHVWrjUPLeJpXmqF8FTcMu:EPjFWdd5AufqSSqeM2qN1xzybapC8G4wEGGkZwyTDt1v:2503550:USD1ttGY1N17NEEHLmELoaybftRBUSErhqYiQzvEmuB:2505410|22:21:6b5LxeDVxqCGAhZjjjgieGP71c5GBt2cBwiafCFX6NMU:CpfZxEmQPD1PTTqxeskTYkPHVWrjUPLeJpXmqF8FTcMu:USD1ttGY1N17NEEHLmELoaybftRBUSErhqYiQzvEmuB:2505410:So11111111111111111111111111111111111111112:22949049
033-bisonfi.transaction.pb	29c2pweaVzvzzh7PW7MWwmz8fd8D9DoDpT1LmyjTU4E33aSgDKpkGNB9jjJ4gP2PMjEqoNaMb9Fpqk4hV4T8ybze	454641434	22:13:FJnaiidSLXFweWkgbinxEHRykVHsnkzDcYbNDR3RF5LN:F6H4GGWrwhfbmYUbEt9cfEjDwviGc3gzboQqMBJ5P31W:So11111111111111111111111111111111111111112:96437547:Es9vMFrzaCERmJfrF4H2FYD4KCoNkY11McCe8BenwNYB:10525917
035-bisonfi.transaction.pb	5mFJ69E4VhJXgQQpg5k8c41mDRWYvzaU51iBPjDdW7jSTb2guug8vQcMXSeEKtyvjtSHmk62w7CQWHyD9LBuitQ5	454641434	22:20:FJnaiidSLXFweWkgbinxEHRykVHsnkzDcYbNDR3RF5LN:3ZAAZQ4C95woQh7sDi8jPDT3Bt7ZeT6ZQWSxCtowNiyD:So11111111111111111111111111111111111111112:37955110:Es9vMFrzaCERmJfrF4H2FYD4KCoNkY11McCe8BenwNYB:4142705
040-orca-v2.transaction.pb	588HFn5SNJkHhkHcp9s8LdteydiDeocMYMsoMj4r6awagZL839As64z4VJNapXMXEtRiYFQXZ4MsFoQUJcK4Cni1	454641422	25:7:3THMPkPmcHJ54JtHRyazhs7UN7HbV5KiNJVLJs6hSPSC:3CgvbiM3op4vjrrjH2zcrQUwsqh5veNVRjFCB9N6sRoD:4k3Dyjzvzp8eMZWUXbBCjEvwSkkk59S5iCNLY3QrkX6R:290008:So11111111111111111111111111111111111111112:5934476|25:14:2R2VhohRc5WoNHtRdwnjovAQaZRAmr1DE3QFW5jfgb6v:3CgvbiM3op4vjrrjH2zcrQUwsqh5veNVRjFCB9N6sRoD:4k3Dyjzvzp8eMZWUXbBCjEvwSkkk59S5iCNLY3QrkX6R:566114:EPjFWdd5AufqSSqeM2qN1xzybapC8G4wEGGkZwyTDt1v:1264461|22:18:8FnX3xo2yYw3EUE6w3nQA4GfXGS9wpK6oj3veJpbFzLo:3CgvbiM3op4vjrrjH2zcrQUwsqh5veNVRjFCB9N6sRoD:EPjFWdd5AufqSSqeM2qN1xzybapC8G4wEGGkZwyTDt1v:2310096:So11111111111111111111111111111111111111112:21174127
043-orca-v2.transaction.pb	3RiFtjC9TAo8LLHanR7vzmuSLskQy4Auva2fNb5CCveDCoLvUtXgkbG1eBVD2bkxyFKzan4nPyhpWcn1GCxoh63V	454641413	31:3:FWyD88TgTj3XrpiEAfdTZTbHwLwXCGjBFK5FGdjSecrt:DmQSnFzRoENh3weu6EtBBhHTpQBQSsvjpMX8iYKRygQ4:EPjFWdd5AufqSSqeM2qN1xzybapC8G4wEGGkZwyTDt1v:5000000:4k3Dyjzvzp8eMZWUXbBCjEvwSkkk59S5iCNLY3QrkX6R:2239226|25:9:Epvp7qMYAF21VVjacdB3VfKn6nnXQSF4rGYu8sD6Bkow:DmQSnFzRoENh3weu6EtBBhHTpQBQSsvjpMX8iYKRygQ4:7xKXtg2CW87d97TXJSDpbD5jBkheTqA83TZRuJosgAsU:13400461739609:EPjFWdd5AufqSSqeM2qN1xzybapC8G4wEGGkZwyTDt1v:5000837
045-orca-v2.transaction.pb	5NtBXiX1zX4JYuWmtxTC3RJc3y5NXMni2xHNeBLBPsznsKB6GM7N1m9T7AACapMGHjb19hnapBB21MnXhQrJpTxT	454641412	31:5:FWyD88TgTj3XrpiEAfdTZTbHwLwXCGjBFK5FGdjSecrt:GxDC9e7SP9mzhDo4re5HbpLa2RW7gB9DtmThx4i4pXSq:EPjFWdd5AufqSSqeM2qN1xzybapC8G4wEGGkZwyTDt1v:118830:4k3Dyjzvzp8eMZWUXbBCjEvwSkkk59S5iCNLY3QrkX6R:53217|25:13:PQ1sBpkZYTkXo2aDRqWU2sEJGUj7yaeJ3GePoCRYU4V:GxDC9e7SP9mzhDo4re5HbpLa2RW7gB9DtmThx4i4pXSq:GENEtH5amGSi8kHAtQoezp1XEXwZJ8vcuePYnXdKrMYz:39872139443:EPjFWdd5AufqSSqeM2qN1xzybapC8G4wEGGkZwyTDt1v:119752
048-humidifi.transaction.pb	2S3XJ6v2BVanu9qvjx4A5UcX3vtm6yoTEmgfByJkV4URbSjMQAH999bB93dNBTdu2KyV1k6JL5aZfL8uERn4ngHQ	454641438	
057-flux.transaction.pb	9GM2iwNQNhjVwr6pujR3w4p1Hd8RRapdZCL681TGdYLUiUrG9shaL75PELmguJ6ayR7L6doyCDfz7hCZqoL8gst	454641440	28:4:F3ds62W3NNEBQrwi2ZFy2vX3xu5fxL6f7VMtRdmKjoCv:BQ72nSv9f3PRyRKCBnHLVrerrv37CYTHm5h3s9VSGQDV:EPjFWdd5AufqSSqeM2qN1xzybapC8G4wEGGkZwyTDt1v:49999981:So11111111111111111111111111111111111111112:458329211
061-flux.transaction.pb	4QzBu7Zkz23exYUkURiq8c2EvyPNUxark4J8U1UdL2wGyKUf8tJXkGGJpsq8c1eBgQcSUVyR3gnUFXurEKnJFJUi	454641436	28:8:82RLfDeEAoYtx3rwZF7igAQC1nGsBBvAMkygB5mcJojZ:BQ72nSv9f3PRyRKCBnHLVrerrv37CYTHm5h3s9VSGQDV:So11111111111111111111111111111111111111112:112737914:EPjFWdd5AufqSSqeM2qN1xzybapC8G4wEGGkZwyTDt1v:12295923
064-zerofi.transaction.pb	WcUTA91WemKTp2NTjSXaoSVkkJUTUvpsa545SszC4TXRbRUSsErdR59fEDznF3HCZSeKMgJMUyq9M5ZBWQpAVhA	454641441	33:6:BwNJma5cJzn9jobrsc4d7UuWHekjai1B7oUdRzRnVqAM:ARu4n5mFdZogZAravu7CcizaojWnS6oqka37gdLT5SZn:EPjFWdd5AufqSSqeM2qN1xzybapC8G4wEGGkZwyTDt1v:8910000:So11111111111111111111111111111111111111112:81670653
066-zerofi.transaction.pb	3CsrdAgavKTKkqfxyBrTqVhrRhQEoS2YWdmdCYUG5hGTo1Fg4qwzHKjPCPEvA9yC31UtD1ngERNDcpyQ5NQCrH4h	454641438	33:10:BwNJma5cJzn9jobrsc4d7UuWHekjai1B7oUdRzRnVqAM:CDZeveCGfF2W9B2ySkXKs4q8jg5cystBbZajEWjLtdqw:So11111111111111111111111111111111111111112:202017903:EPjFWdd5AufqSSqeM2qN1xzybapC8G4wEGGkZwyTDt1v:22033841
069-zerofi.transaction.pb	2GE8FhyM6Z5yofyyPXa5ZBu4kPcccWTHzQb6BmtEmtBzMrRaMXMPuiyS84KUDFmZoLg15WdCjFKpQMztLJ469dyN	454641432	33:5:9XVKRT2D53LEDyA5jyhBLMEv23kw91iNrXBzvghUDfT9:ARu4n5mFdZogZAravu7CcizaojWnS6oqka37gdLT5SZn:EPjFWdd5AufqSSqeM2qN1xzybapC8G4wEGGkZwyTDt1v:79990388:MUxEsUKSMACyw5fZf68wxf5FLnZVhtU9CwH8uNNGay1:77362|21:9:FrQuDkgAc1WQ9Vswxq3LWjB5BgnFxaKareWK4YGh1ZMM:ARu4n5mFdZogZAravu7CcizaojWnS6oqka37gdLT5SZn:MUxEsUKSMACyw5fZf68wxf5FLnZVhtU9CwH8uNNGay1:77362:EPjFWdd5AufqSSqeM2qN1xzybapC8G4wEGGkZwyTDt1v:80009562
070-zerofi.transaction.pb	29f1uXHbCNiWeF6ADosLwtAiM61TmbEmbGb6uE2kW6jd2Nv4Rd3ZonZUB5QRox7cQ1XvG3E3FV9uZin8gTnZgoZW	454641431	33:2:9XVKRT2D53LEDyA5jyhBLMEv23kw91iNrXBzvghUDfT9:4XBqViD1XYF1qHrErrsXBzDrCapvP9fEFX4LPjXZi9YU:EPjFWdd5AufqSSqeM2qN1xzybapC8G4wEGGkZwyTDt1v:1184302418:MUxEsUKSMACyw5fZf68wxf5FLnZVhtU9CwH8uNNGay1:1145480
072-scorch.transaction.pb	4SMDBsEtkG9gXTN66dt3csPd4iW7U3PL5MoZJYK6GsUEKdBYxHQhaHMazJrJXMKmC6k5EZuZ2eGtbhFZwQ5GsRS5	454641444	
082-obsidian.transaction.pb	2fjQpahxDJhJn6b9t63wGGLQ8KET4upAGn86WP5NNw3LAMGm5xfChQ2jedc5vGyXjiYEfS9GKemTwVtgDq8vUx2d	454641445	30:3:C2AFToqwbmHEvCPXhjyUTS2q2VWmXyHeUBwqje5LLQLt:D5YqVMoSxnqeZAKAUUE1Dm3bmjtdxQ5DCF356ozqN9cM:EPjFWdd5AufqSSqeM2qN1xzybapC8G4wEGGkZwyTDt1v:247194935:So11111111111111111111111111111111111111112:2266263023
084-obsidian.transaction.pb	4EbEngBbBTrM1kGjGKQZK5xNSyHsnSBmTfDhocWMbjNyJjAExrnhzx9PLjP6b8ALM9tvWzmKFLzxGLmQ6kwRdPX4	454641445	30:4:C2AFToqwbmHEvCPXhjyUTS2q2VWmXyHeUBwqje5LLQLt:D5YqVMoSxnqeZAKAUUE1Dm3bmjtdxQ5DCF356ozqN9cM:EPjFWdd5AufqSSqeM2qN1xzybapC8G4wEGGkZwyTDt1v:241160942:So11111111111111111111111111111111111111112:2210948245
088-kipseli.transaction.pb	5Qd55CQWgrdcKRqK85JTaXAwfMnVRft88LG381kUa8HYXVeQMiJ5ZgRSb1mxXapR2DM627NYEkLqwDmXMRMfGimF	454641447	27:4:7yD7gfXv49SFxhx9uTc11dEd7Nj98rGWeYMdZJgheZbG:CapuXNQoDviLvU1PxFiizLgPNQCxrsag1uMeyk6zLVps:EPjFWdd5AufqSSqeM2qN1xzybapC8G4wEGGkZwyTDt1v:93800000:So11111111111111111111111111111111111111112:859912528
091-kipseli.transaction.pb	5JuWt4dLXsdLVBjsdjYbPRCCioqkUbHQEhbX6qX1jSyrDpmEFsYEpeJam1jViYk7Kf4ML4gaXpSTfKfJBDdyQ6SC	454641446	27:3:vwqdqdBPoYjSdR78acsiRvzqeCDEw27dver5kbGjPAt:ARu4n5mFdZogZAravu7CcizaojWnS6oqka37gdLT5SZn:EPjFWdd5AufqSSqeM2qN1xzybapC8G4wEGGkZwyTDt1v:74525000:So11111111111111111111111111111111111111112:683267982
092-kipseli.transaction.pb	Kw814svALhBwqsgMWjB3kqPXHY31XRdjKkDyPqW4WfbwgJcXytgQPRF3Jeaw42HMCRkaYfc1hKcB6hKo38BbdKF	454641446	27:18:7yD7gfXv49SFxhx9uTc11dEd7Nj98rGWeYMdZJgheZbG:8s7mVuZA8tvqmfSUurgK5W2ys8eoMJePQt65Lwe3ppCs:So11111111111111111111111111111111111111112:86548798:EPjFWdd5AufqSSqeM2qN1xzybapC8G4wEGGkZwyTDt1v:9436737
094-kipseli.transaction.pb	5QZ5H4ELUbHrwnuSNW9vJofCwrSio2Eo87syFqNghS4tbcL9p6Es2p8EePNcYXSHAnweUF1dhNqRvniKNtkRQueW	454641445	
096-tesserav.transaction.pb	creTKJ333xjpMVdPMk3F48kt9KdW1ZmfXSXUyrbtAaWbbLSDf55UUP8yKH3mUWfifDwESN1j3ps8aZ3zZ8aKN6s	454641449	31:12:FLckHLGMJy5gEoXWwcE68Nprde1D4araK4TGLw4pQq2n:4B8srvotmWddTZuMt4RrBQrnx1sQj2Z7FaXgLbWvpVdd:EPjFWdd5AufqSSqeM2qN1xzybapC8G4wEGGkZwyTDt1v:58387992:So11111111111111111111111111111111111111112:535276794
100-tesserav.transaction.pb	27rnuPZGz2iZU9ft5nEYaKsDedutRjZ2PSTeBdL9Hzrgf5BYnUET2LNUoEab5cCPe4jtfnGRddGvgeH6BfdAXJwZ	454641448	
104-humidifi.transaction.pb	4hcHiYvYRLoUJwn4hvzpzGKv7HuyfgdzFTvPNUv8cYbGv3oW9dE5M68uB1qfFFFZKrVH45GJ6UebtC4dqxWAxQtp	454641813	
112-humidifi.transaction.pb	5tQ3PNVeqH8UVrc3f8MkJN1uigEf6GtdUpr3R9s5NzGmi9A4K2NjREf2oPoq35Xoe3WGUZvCwzak7cFnzWzFzHH2	454641807	24:10:8sKQHfjNhvmAw94PhfvfMcytmqW6jmxvwieYyzXCCPu:C2VVCEYjXFmoyFYFFJADLfSJ9dwG6qXXopSvRPAjBpH7:So11111111111111111111111111111111111111112:2000000000:EPjFWdd5AufqSSqeM2qN1xzybapC8G4wEGGkZwyTDt1v:217749925
116-humidifi.transaction.pb	2PDzFBUF6jGn96JS1wYgWZNyVbmMaknvPNyieioTgSQJpUB5oN96kMgAqZ19pR1vX2WjKJaR6aYwh8eyk61Vag9L	454641806	31:5:FLckHLGMJy5gEoXWwcE68Nprde1D4araK4TGLw4pQq2n:4B8srvotmWddTZuMt4RrBQrnx1sQj2Z7FaXgLbWvpVdd:So11111111111111111111111111111111111111112:7851210187:EPjFWdd5AufqSSqeM2qN1xzybapC8G4wEGGkZwyTDt1v:855745614|24:9:8sKQHfjNhvmAw94PhfvfMcytmqW6jmxvwieYyzXCCPu:4B8srvotmWddTZuMt4RrBQrnx1sQj2Z7FaXgLbWvpVdd:EPjFWdd5AufqSSqeM2qN1xzybapC8G4wEGGkZwyTDt1v:855745614:So11111111111111111111111111111111111111112:7851269196
133-scorch.transaction.pb	4pK5fZkcVBMuFCy6BpcVPxpizbr9hmbAaZJnzu5iAP6APA3MLMdJ2y6MBvBcVQek7wGv6yeKgbBad1L8uSKSWLHf	454641418	21:9:FkGgvNwKBMkDAWStXx7C9CbYiwTCHq2pFrkWHkvS9eJg:BQ72nSv9f3PRyRKCBnHLVrerrv37CYTHm5h3s9VSGQDV:EPjFWdd5AufqSSqeM2qN1xzybapC8G4wEGGkZwyTDt1v:93600000:pumpCmXqMfrsAkQ5r49WcJnRayYRqmXz6ae8H7H9Dfn:16959594129|29:13:HEXeWK7CzigT7tU6Tvn4KCWVWdjcxQVaNy6KpXhLWDq1:BQ72nSv9f3PRyRKCBnHLVrerrv37CYTHm5h3s9VSGQDV:pumpCmXqMfrsAkQ5r49WcJnRayYRqmXz6ae8H7H9Dfn:16959594129:Es9vMFrzaCERmJfrF4H2FYD4KCoNkY11McCe8BenwNYB:93638500|29:18:J4rZDyGyf4XvJAYGD6M2SYgy6noegqNr7LJmfppQMX9n:BQ72nSv9f3PRyRKCBnHLVrerrv37CYTHm5h3s9VSGQDV:Es9vMFrzaCERmJfrF4H2FYD4KCoNkY11McCe8BenwNYB:93638500:ukHH6c7mMyiWCf1b9pnWe25TSpkDDt3H5pQZgZ74J82:91291000000
168-scorch.transaction.pb	x5k956APJxjfapVyQAsqcGtSE24k1enkQAJhyVeJyJ7KwwTmyZUT9ZrJ9EAZS3JK99acYAcoWyDo1LHKAJ63btz	454642178	
174-scorch.transaction.pb	4XtvsvAPudW1rtpx5ogGhFNAUYcBuPAkZfJyjetoriXRcjUzQFABWmDii1RzWCbeiyV2tFRmLG4k6wUfZ28oPPTU	454642173	33:2:FpPP9PDMPSTEwpX1ykS5QEkA5MSrEuWzV55hoWG3pKoN:ARu4n5mFdZogZAravu7CcizaojWnS6oqka37gdLT5SZn:EPjFWdd5AufqSSqeM2qN1xzybapC8G4wEGGkZwyTDt1v:2552884:Es9vMFrzaCERmJfrF4H2FYD4KCoNkY11McCe8BenwNYB:2554395|29:6:9BLPceGrgxKEHU7Qdz3r46vSpTzqqx7hmaeq9jgspCWh:ARu4n5mFdZogZAravu7CcizaojWnS6oqka37gdLT5SZn:Es9vMFrzaCERmJfrF4H2FYD4KCoNkY11McCe8BenwNYB:2554395:XsueG8BtpquVJX9LVLLEGuViXUungE6WmK5YZ3p3bd1:3158300
176-scorch.transaction.pb	RQYaxf2FyuXsk1HssCnYCkrupPMPxPHMMVPgueHMFNaT3otQqJEdrQWX5mBezjeLYeZQikJwt7LwnLqPFKrArua	454642170	29:4:GfRwVz2u8Sn5XbcWq75Xs11wDbJBrfJSjpXSH4o87Asr:3CgvbiM3op4vjrrjH2zcrQUwsqh5veNVRjFCB9N6sRoD:DoGEV7LASBkQbibMc5k5vKnTZoMg423GpJ5QtJEGfm7R:84509971752:So11111111111111111111111111111111111111112:649570000
178-goonfi-v2.transaction.pb	2MRXWhAaFQKgJmyxHdqddwZRyZWWbvU4RERznPPq8ghwGV5ATy1kReSUEHGSoFbxqkX3XgWDAyo5iKChWC8SMvAv	450966515	21:6:8TxrtAxqA5PA2Y1d2pxzCz9SoDhjrBcYqNAQKVv6p443:D5YqVMoSxnqeZAKAUUE1Dm3bmjtdxQ5DCF356ozqN9cM:EPjFWdd5AufqSSqeM2qN1xzybapC8G4wEGGkZwyTDt1v:229977000:cbbtcf3aa214zXHbiAZQwf4122FBYbraNdFqgw4iMij:270511
181-bisonfi.transaction.pb	22VFxreHs9cEvHoYiooU62iLsK76vJo6E1WGXsjFRcM7PwCrUUhNiBhvUMztPCdxCgyfcDCB79TUaRDEC2VPLYAF	450950354	22:3:8FnX3xo2yYw3EUE6w3nQA4GfXGS9wpK6oj3veJpbFzLo:Cr6vUmtz58dtsyDJX2GKbifgYf7zvwgPt9HyJvwMRLL8:EPjFWdd5AufqSSqeM2qN1xzybapC8G4wEGGkZwyTDt1v:248815402:So11111111111111111111111111111111111111112:2003709082|24:7:8sKQHfjNhvmAw94PhfvfMcytmqW6jmxvwieYyzXCCPu:Cr6vUmtz58dtsyDJX2GKbifgYf7zvwgPt9HyJvwMRLL8:So11111111111111111111111111111111111111112:2003709082:EPjFWdd5AufqSSqeM2qN1xzybapC8G4wEGGkZwyTDt1v:248818446
182-bisonfi.transaction.pb	2AbymqA3xMNTPgcPu6qh9EZWUnXtudS3JNmvzAU4c4s5ziPhwVwUQx5PZsmQahfqigvzcRg99SLCvRCrVvNzGCvm	450990413	22:4:8FnX3xo2yYw3EUE6w3nQA4GfXGS9wpK6oj3veJpbFzLo:MenuxY5yMzJkeKZTvDTcovjh4fuJHMHhJyjJ5v5LzG6:So11111111111111111111111111111111111111112:122990681:EPjFWdd5AufqSSqeM2qN1xzybapC8G4wEGGkZwyTDt1v:15245220
183-bisonfi.transaction.pb	4e8T9Hnh2AbXV482VcwLr1FWcZeCtQNKW5qsw3uJRt5oQpvyp6qRK2aoxP7JYHaQRScEzFWid1krx7ezDUNAyx1X	450911106	22:12:6b5LxeDVxqCGAhZjjjgieGP71c5GBt2cBwiafCFX6NMU:ARu4n5mFdZogZAravu7CcizaojWnS6oqka37gdLT5SZn:So11111111111111111111111111111111111111112:33756628:USD1ttGY1N17NEEHLmELoaybftRBUSErhqYiQzvEmuB:4097114|26:16:9xPhpwq6GLUkrDBNfXCbnSP9ARAMMyUQqgkrqaDW6NLV:ARu4n5mFdZogZAravu7CcizaojWnS6oqka37gdLT5SZn:USD1ttGY1N17NEEHLmELoaybftRBUSErhqYiQzvEmuB:4097114:EPjFWdd5AufqSSqeM2qN1xzybapC8G4wEGGkZwyTDt1v:4095264
184-bisonfi.transaction.pb	262n1pEgfLq9G87vRNBsb5xKdmADSQxFGWXXb2qXkxqtsPViu5ifNWC2UsGCFpo1aXaagpsetjxNZKoR2mG6D3xw	450994236	22:8:8FnX3xo2yYw3EUE6w3nQA4GfXGS9wpK6oj3veJpbFzLo:ARu4n5mFdZogZAravu7CcizaojWnS6oqka37gdLT5SZn:EPjFWdd5AufqSSqeM2qN1xzybapC8G4wEGGkZwyTDt1v:26773035:So11111111111111111111111111111111111111112:215496676
187-tesserav.transaction.pb	YfyJgF3Ph3GhxoEFpZR9MUnr2EGspamfUZh2VYhQEFP2caVqrwQbxP6a4aqTPufCz2kNRXiF1tX1HFCHvYGToz2	368909200	24:10:6n9VhCwQ7EwK6NqFDjnHPzEk6wZdRBTfh43RFgHQWHuQ:HV1KXxWFaSeriyFvXyx48FqG9BoFbfinB8njCJonqP7K:So11111111111111111111111111111111111111112:15006048:EPjFWdd5AufqSSqeM2qN1xzybapC8G4wEGGkZwyTDt1v:3160022|31:13:FLckHLGMJy5gEoXWwcE68Nprde1D4araK4TGLw4pQq2n:HV1KXxWFaSeriyFvXyx48FqG9BoFbfinB8njCJonqP7K:So11111111111111111111111111111111111111112:789792:EPjFWdd5AufqSSqeM2qN1xzybapC8G4wEGGkZwyTDt1v:166493
188-tesserav.transaction.pb	29b7yFfvur5vt9VQkvu1aPDZFUgastzdXpqQYAZ41XYgvW25UDz48EYMTZEHxtWQ3P8SsZ9SSALedVzTcGLvbo96	450994234	31:5:FLckHLGMJy5gEoXWwcE68Nprde1D4araK4TGLw4pQq2n:ARu4n5mFdZogZAravu7CcizaojWnS6oqka37gdLT5SZn:EPjFWdd5AufqSSqeM2qN1xzybapC8G4wEGGkZwyTDt1v:99050000:So11111111111111111111111111111111111111112:797306100
191-alphaq.transaction.pb	23RNqCyLYWXqPjEWednSdDiXHoie64EdyP94NpVJn1ic2HnxyaDmHLt5314j1HyYBDq2hDKw8Z1S8jw7U6duFhy4	450995661	26:4:Pi9nzTjPxD8DsRfRBGfKYzmefJoJM8TcXu2jyaQjSHm:D5YqVMoSxnqeZAKAUUE1Dm3bmjtdxQ5DCF356ozqN9cM:Es9vMFrzaCERmJfrF4H2FYD4KCoNkY11McCe8BenwNYB:42996568:EPjFWdd5AufqSSqeM2qN1xzybapC8G4wEGGkZwyTDt1v:42991563|23:7:8sjV1AqBFvFuADBCQHhotaRq5DFFYSjjg1jMyVWMqXvZ:D5YqVMoSxnqeZAKAUUE1Dm3bmjtdxQ5DCF356ozqN9cM:Es9vMFrzaCERmJfrF4H2FYD4KCoNkY11McCe8BenwNYB:7587628:EPjFWdd5AufqSSqeM2qN1xzybapC8G4wEGGkZwyTDt1v:7586752
192-alphaq.transaction.pb	38iesCRDJKFGDFCnYPpuZiJd4xFTArXoy33LqvyZNTpvqRnp9CTYqZbqtEDiwMboRdMM6kMN86Shjga9NJ1QyrKg	450993863	26:8:2YR8bXXn4tTnq8nVjvpYnBiQ7ZKjN3G16wxE8ShL3KaB:5k2ANzw8cxhSXpPCnLdGYLqfxmN1LovvJdWVGsnYJsiS:CASHx9KJUStyftLFWGvEVf59SGeG9sh5FfcnZMVPCASH:99992438:EPjFWdd5AufqSSqeM2qN1xzybapC8G4wEGGkZwyTDt1v:99960237|22:17:8FnX3xo2yYw3EUE6w3nQA4GfXGS9wpK6oj3veJpbFzLo:5k2ANzw8cxhSXpPCnLdGYLqfxmN1LovvJdWVGsnYJsiS:EPjFWdd5AufqSSqeM2qN1xzybapC8G4wEGGkZwyTDt1v:99960237:So11111111111111111111111111111111111111112:804972159
197-zerofi.transaction.pb	49kwguyf3UZMbDA1f5bSidtiX5Pi972zYRdTtJaJuYyMUvJsz258JzEuUj3SVdqDoRinwdDcCu3hETrEwpiWa9xL	451125726	21:4:FrQuDkgAc1WQ9Vswxq3LWjB5BgnFxaKareWK4YGh1ZMM:ARu4n5mFdZogZAravu7CcizaojWnS6oqka37gdLT5SZn:EPjFWdd5AufqSSqeM2qN1xzybapC8G4wEGGkZwyTDt1v:42289675:MUxEsUKSMACyw5fZf68wxf5FLnZVhtU9CwH8uNNGay1:38803|33:8:9XVKRT2D53LEDyA5jyhBLMEv23kw91iNrXBzvghUDfT9:ARu4n5mFdZogZAravu7CcizaojWnS6oqka37gdLT5SZn:MUxEsUKSMACyw5fZf68wxf5FLnZVhtU9CwH8uNNGay1:38803:EPjFWdd5AufqSSqeM2qN1xzybapC8G4wEGGkZwyTDt1v:42292620
198-zerofi.transaction.pb	3zxaqfr5Pk5yf4npN55Usb92ZDdrjRKLLKEb4rEy3UVbkBVLmMRWQAopFjTdiLmFVNAdxsZcMqJuQ76AJFnZWrLf	451125728	33:23:7DyH4hFA9KY2Uf3ZC2fUGP9ATsLqAEq3pUpyJPA2Mjft:ARu4n5mFdZogZAravu7CcizaojWnS6oqka37gdLT5SZn:So11111111111111111111111111111111111111112:5246547495:EPjFWdd5AufqSSqeM2qN1xzybapC8G4wEGGkZwyTDt1v:639646456|23:27:E1XDrrALLZJuzicaw7xBfQeSsFCWsZ6tY3dthWuB7GiU:ARu4n5mFdZogZAravu7CcizaojWnS6oqka37gdLT5SZn:EPjFWdd5AufqSSqeM2qN1xzybapC8G4wEGGkZwyTDt1v:639646456:CASHx9KJUStyftLFWGvEVf59SGeG9sh5FfcnZMVPCASH:639798787
199-zerofi.transaction.pb	psShYLi8kZ5ZFsCfBSTYpXUGe2h1okSfq4aDsnVW9nPfsMQZeiJeXFRbTZ4v3a7P6KuzvCW2nX4qWbb77QhifuT	451129534	33:5:HsE6AfxKJQgWMdK1Z23u1xgZhstxXjMVnm5gVaGJ2J7:D5YqVMoSxnqeZAKAUUE1Dm3bmjtdxQ5DCF356ozqN9cM:SNDKbwMUQvZhnLnxLduradgLHG5KrPuKwpnrkkGRhfH:7448:EPjFWdd5AufqSSqeM2qN1xzybapC8G4wEGGkZwyTDt1v:13221532
200-zerofi.transaction.pb	2p56piVJ8pF3mrNXdC2q3szEcaLJTbMaZbD7SCcSUdqzf9cucZrPR2L8gsLXn89GqC6uSikZ2QzKQMQix7HorL4b	451134625	33:7:CgPE85QVWX3Ca4isTetNwSirCVTVRkWEjq42yhT2rJfV:AjkDC1KdkgPaFRtrCbeSh6B6dhVX2JM4o2XhPSs2qu4b:SKHYhSjuRWHgikq8eRKbtBbpABgJSkd7ytQV14i9EQ3:362:EPjFWdd5AufqSSqeM2qN1xzybapC8G4wEGGkZwyTDt1v:69155
204-scorch.transaction.pb	3tHnRiFwCdzB92qnpui67qviFD24YUuVcu7VMNhrUEYVL2xdVsmQy9v4of3bA9oEPxmMWckKicXtESKqY6zemP73	450994357	29:3:FnhxUP3dcQbypCUmGWw55ijxPBxifPT558UQSCYDfcCU:GSbXzhCrPuA68VaX3uApGM7Fn3Z53y8Fpcd68CLGyRHu:EPjFWdd5AufqSSqeM2qN1xzybapC8G4wEGGkZwyTDt1v:309365132:So11111111111111111111111111111111111111112:2490560000
205-scorch.transaction.pb	5dnD4akxGFE31hLnSfybpL24geVkFDHNVcyCsDwVLwig2HPwL26EjKRkwEm8CKajGamYRDV1DN4BkFDDWMnJntEv	450991337	23:9:9VaVgdReZVxmEZLv9kqorjcS2hyGMAU77wEMFu3G7FiL:Aisnj7VpDa8msoBQXadkzGocLobRaSeSMYQms46fnYp3:3NZ9JMVBmGAqocybic2c7LQCJScmgsAZ6vQqTDzcqmJh:255093:cbbtcf3aa214zXHbiAZQwf4122FBYbraNdFqgw4iMij:255014|29:18:382i8DWxUuNLYXrYqnbK151otneeqjsJgrtVpdKArtm6:Aisnj7VpDa8msoBQXadkzGocLobRaSeSMYQms46fnYp3:cbbtcf3aa214zXHbiAZQwf4122FBYbraNdFqgw4iMij:255014:So11111111111111111111111111111111111111112:1742210000
206-scorch.transaction.pb	4v27ccyrAgpCdCHLvjvn8smFn4Fb4HGcRVTSt952eNcF5jg5niA5bKRLPoGrzxXZdZULEZujgA5TXdESNbwmFYE8	438881024	29:22:8aAuC8E1Sc72gniUHAJ3utwWzzLKP1YLzMF3hPgfaSaC:D5YqVMoSxnqeZAKAUUE1Dm3bmjtdxQ5DCF356ozqN9cM:Dfh5DzRgSvvCFDoYc2ciTkMrbDfRKybA4SoFbPmApump:6631746:SKRbvo6Gf7GondiT3BbTfuRDPqLWei4j2Qy2NPGZhW3:15650000
207-scorch.transaction.pb	23bHd9VasKUhimfGv5Qs7cu8d1yhVETq5vzC68NArW1i9fvYN7LjGtFvgvFzBoyimQiNSBpXGqYzKxYHsmgMYiNF	450991646	
209-manifest.transaction.pb	1T2XZsyrPudVFb6xKCocTq6Yv93Kxhy6kWYSE4244jeSix9WZDL1sbRcF1BTs8FmU4UiEWFcE2SL4p25NnWXcKn	450990124	23:5:8sjV1AqBFvFuADBCQHhotaRq5DFFYSjjg1jMyVWMqXvZ:D5YqVMoSxnqeZAKAUUE1Dm3bmjtdxQ5DCF356ozqN9cM:EPjFWdd5AufqSSqeM2qN1xzybapC8G4wEGGkZwyTDt1v:2442100:Es9vMFrzaCERmJfrF4H2FYD4KCoNkY11McCe8BenwNYB:2442405
210-manifest.transaction.pb	2Xgfh9FHC2EAjBErQgv52cfMurnsVc9kHpfsSws7SoYBaJD8Cgh47T9qBfhgksgvTAMgz1M48PiuRm1ynAW4QU84	450997186	23:18:2QLNw13jbu9EfiwQv579hL4qngWHHvj3yCwdqfmkuMWv:5Rnv985FHQF8XMSfvZXSBdyrYxm5GdGq5xdTVaELmSvR:J1yxV53EmVRmt9RUj6PPufMfdAYUbtgwXCuNYTBTsYzJ:14541579714:So11111111111111111111111111111111111111112:177562935|22:27:8FnX3xo2yYw3EUE6w3nQA4GfXGS9wpK6oj3veJpbFzLo:5Rnv985FHQF8XMSfvZXSBdyrYxm5GdGq5xdTVaELmSvR:So11111111111111111111111111111111111111112:536333189:EPjFWdd5AufqSSqeM2qN1xzybapC8G4wEGGkZwyTDt1v:66491887
212-humidifi.transaction.pb	2YDhCqd2KUQ9SHVZQFwiKFzWuP6HkfxxA3Wsu5k7xoMPY3NW36B6h55MSZYyH9sfW1dCjPxhGtf2U6mRZGhs8Cj4	451000745	22:3:8FnX3xo2yYw3EUE6w3nQA4GfXGS9wpK6oj3veJpbFzLo:4XBqViD1XYF1qHrErrsXBzDrCapvP9fEFX4LPjXZi9YU:So11111111111111111111111111111111111111112:2886316360:EPjFWdd5AufqSSqeM2qN1xzybapC8G4wEGGkZwyTDt1v:358053005|24:7:8sKQHfjNhvmAw94PhfvfMcytmqW6jmxvwieYyzXCCPu:4XBqViD1XYF1qHrErrsXBzDrCapvP9fEFX4LPjXZi9YU:EPjFWdd5AufqSSqeM2qN1xzybapC8G4wEGGkZwyTDt1v:358053005:So11111111111111111111111111111111111111112:2886321962
213-humidifi.transaction.pb	2kCAkYGndEdQZemihC8r5yeFfa2DCo2msxtLHZU8RqVb8SArQKyhAthgwgMEWc2xeBc5tXdh7N2bkRRfXqND6apM	451000743	24:7:8sKQHfjNhvmAw94PhfvfMcytmqW6jmxvwieYyzXCCPu:Fe7SEekiKygziaEGKxsDsgLVzrCfNvVBvAYsaJBwFA8s:So11111111111111111111111111111111111111112:2003133373:EPjFWdd5AufqSSqeM2qN1xzybapC8G4wEGGkZwyTDt1v:248176935
214-humidifi.transaction.pb	4tzaGfjUtBPNKaSJcZWcWbUeVyMj3aEsQ6XXpq341dJWUEYAFK7MX5jCcDKkCNuZRNLqBhEBMMVf8APdRXHtX4rT	450996734	23:25:EVgBqnKVRZTzg5mzWdsqKTxLs8dX2Z15qhSS94t6arK1:2PhRZsgSFjeUjNS7i15xipuGEytfjr2AnoCdbJaVhhVr:8RVBk8vxLiUHueLUW1f4izFVqN3nWippLhkohKg6EGkS:10247492328:So11111111111111111111111111111111111111112:689646227|24:29:8sKQHfjNhvmAw94PhfvfMcytmqW6jmxvwieYyzXCCPu:ARu4n5mFdZogZAravu7CcizaojWnS6oqka37gdLT5SZn:So11111111111111111111111111111111111111112:7092795050:EPjFWdd5AufqSSqeM2qN1xzybapC8G4wEGGkZwyTDt1v:879077963
215-humidifi.transaction.pb	3dhDZRhpSNK5Naku3R9CKERXP4MXEYecwkBTpN4SqtJZcDCDsh3ob4J2jdMkAbNyT6KmkamqsBomTEQNFHrLkZ9u	450950353	22:3:8FnX3xo2yYw3EUE6w3nQA4GfXGS9wpK6oj3veJpbFzLo:4XBqViD1XYF1qHrErrsXBzDrCapvP9fEFX4LPjXZi9YU:EPjFWdd5AufqSSqeM2qN1xzybapC8G4wEGGkZwyTDt1v:502083100:So11111111111111111111111111111111111111112:4043218367|24:7:8sKQHfjNhvmAw94PhfvfMcytmqW6jmxvwieYyzXCCPu:4XBqViD1XYF1qHrErrsXBzDrCapvP9fEFX4LPjXZi9YU:So11111111111111111111111111111111111111112:4043218367:EPjFWdd5AufqSSqeM2qN1xzybapC8G4wEGGkZwyTDt1v:502093499
216-humidifi.transaction.pb	275Z7BNmhGqM9jsh5vYxT5jdKF6jusj2hR4eBRQyqp9TskWwjWMYCRq656RRumbi41Su2nntTdkRyS8uEb7Xyh12	450950353	
